ansatz_type,problem_index,trial,energy,exact_energy,error,time,build_time,opt_time,params,depth,converged,adapt_iterations,adapt_initial_energy,adapt_energy_drop,adapt_history_length,termination_criterion
MomentumBuilder,1,1,-9.999999993118848,-10.0,6.881151648485684e-09,0.03515934944152832,0.00017905235290527344,0.03498029708862305,1,1,True,,,,,
MomentumBuilder,2,1,10.000000006611288,500.0,489.9999999933887,0.026009082794189453,9.512901306152344e-05,0.02591395378112793,1,1,False,,,,,
MomentumBuilder,3,1,-9.999975318777821,-10.0,2.4681222178912776e-05,0.21877694129943848,0.04717588424682617,0.1716010570526123,8,13,True,,,,,
MomentumBuilder,4,1,-12.838442185295605,-13.0,0.1615578147043948,0.17360615730285645,0.03721499443054199,0.13639116287231445,8,13,False,,,,,
MomentumBuilder,5,1,-21.415277990258588,-22.0,0.5847220097414123,0.20025897026062012,0.06276607513427734,0.13749289512634277,9,14,False,,,,,
MomentumBuilder,6,1,-2.6110233731478596,-7.0,4.38897662685214,0.3677797317504883,0.1213986873626709,0.24638104438781738,10,13,False,,,,,
MomentumBuilder,7,1,-14.895473163490394,-24.0,9.104526836509606,0.5388650894165039,0.2932240962982178,0.24564099311828613,11,9,False,,,,,
MomentumBuilder,8,1,-9.99954949913456,-10.0,0.0004505008654405174,0.33368778228759766,0.14496493339538574,0.18872284889221191,10,12,True,,,,,
MomentumBuilder,9,1,-7.824657510058383,-10.0,2.1753424899416167,0.47253918647766113,0.22318005561828613,0.249359130859375,10,14,False,,,,,
MomentumBuilder,10,1,-14.432001032971932,-15.0,0.5679989670280676,0.4276599884033203,0.18406200408935547,0.24359798431396484,10,13,False,,,,,
MomentumBuilder,11,1,-6.203923155325461,-12.0,5.796076844674539,1.5945940017700195,1.2530910968780518,0.3415029048919678,20,12,False,,,,,
MomentumBuilder,12,1,-15.769273111888012,-10.0,5.769273111888012,0.5068678855895996,0.19826984405517578,0.30859804153442383,11,10,False,,,,,
MomentumBuilder,1,2,-9.999999993118848,-10.0,6.881151648485684e-09,0.04010272026062012,0.0001049041748046875,0.03999781608581543,1,1,True,,,,,
MomentumBuilder,2,2,10.000000006611288,500.0,489.9999999933887,0.036108970642089844,0.00010585784912109375,0.03600311279296875,1,1,False,,,,,
MomentumBuilder,3,2,-9.999975318777821,-10.0,2.4681222178912776e-05,0.22756409645080566,0.04997706413269043,0.17758703231811523,8,13,True,,,,,
MomentumBuilder,4,2,-12.838442185295605,-13.0,0.1615578147043948,0.1931309700012207,0.04205608367919922,0.15107488632202148,8,13,False,,,,,
MomentumBuilder,5,2,-21.415277990258588,-22.0,0.5847220097414123,0.20195293426513672,0.06418108940124512,0.1377718448638916,9,14,False,,,,,
MomentumBuilder,6,2,-2.6110233731478596,-7.0,4.38897662685214,0.4264492988586426,0.10967326164245605,0.3167760372161865,10,13,False,,,,,
MomentumBuilder,7,2,-14.895473163490394,-24.0,9.104526836509606,0.4405550956726074,0.21417498588562012,0.2263801097869873,11,9,False,,,,,
MomentumBuilder,8,2,-9.99954949913456,-10.0,0.0004505008654405174,0.35400986671447754,0.1373918056488037,0.21661806106567383,10,12,True,,,,,
MomentumBuilder,9,2,-7.824657510058383,-10.0,2.1753424899416167,0.34192919731140137,0.11999011039733887,0.2219390869140625,10,14,False,,,,,
MomentumBuilder,10,2,-14.432001032971932,-15.0,0.5679989670280676,0.5153272151947021,0.18236708641052246,0.3329601287841797,10,13,False,,,,,
MomentumBuilder,11,2,-6.203923155325461,-12.0,5.796076844674539,2.9681570529937744,2.414353132247925,0.5538039207458496,20,12,False,,,,,
MomentumBuilder,12,2,-15.769273111888012,-10.0,5.769273111888012,0.6184899806976318,0.2612650394439697,0.3572249412536621,11,10,False,,,,,
MomentumBuilder,1,3,-9.999999993118848,-10.0,6.881151648485684e-09,0.06163501739501953,0.0002048015594482422,0.06143021583557129,1,1,True,,,,,
MomentumBuilder,2,3,10.000000006611288,500.0,489.9999999933887,0.048113107681274414,9.322166442871094e-05,0.0480198860168457,1,1,False,,,,,
MomentumBuilder,3,3,-9.999975318777821,-10.0,2.4681222178912776e-05,0.33780694007873535,0.07136106491088867,0.2664458751678467,8,13,True,,,,,
MomentumBuilder,4,3,-12.838442185295605,-13.0,0.1615578147043948,0.22181200981140137,0.05172610282897949,0.17008590698242188,8,13,False,,,,,
MomentumBuilder,5,3,-21.415277990258588,-22.0,0.5847220097414123,0.35406923294067383,0.12647128105163574,0.22759795188903809,9,14,False,,,,,
MomentumBuilder,6,3,-2.6110233731478596,-7.0,4.38897662685214,0.3346569538116455,0.11666584014892578,0.21799111366271973,10,13,False,,,,,
MomentumBuilder,7,3,-14.895473163490394,-24.0,9.104526836509606,0.6017410755157471,0.37539219856262207,0.226348876953125,11,9,False,,,,,
MomentumBuilder,8,3,-9.99954949913456,-10.0,0.0004505008654405174,0.28784704208374023,0.12588191032409668,0.16196513175964355,10,12,True,,,,,
MomentumBuilder,9,3,-7.824657510058383,-10.0,2.1753424899416167,0.2972080707550049,0.13504791259765625,0.16216015815734863,10,14,False,,,,,
MomentumBuilder,10,3,-14.432001032971932,-15.0,0.5679989670280676,0.3642401695251465,0.11432909965515137,0.24991106986999512,10,13,False,,,,,
MomentumBuilder,11,3,-6.203923155325461,-12.0,5.796076844674539,1.7937331199645996,1.495910882949829,0.2978222370147705,20,12,False,,,,,
MomentumBuilder,12,3,-15.769273111888012,-10.0,5.769273111888012,0.8339388370513916,0.3472929000854492,0.4866459369659424,11,10,False,,,,,
MomentumBuilder,1,4,-9.999999993118848,-10.0,6.881151648485684e-09,0.03298521041870117,0.0008752346038818359,0.032109975814819336,1,1,True,,,,,
MomentumBuilder,2,4,10.000000006611288,500.0,489.9999999933887,0.024970054626464844,9.012222290039062e-05,0.024879932403564453,1,1,False,,,,,
MomentumBuilder,3,4,-9.999975318777821,-10.0,2.4681222178912776e-05,0.19423675537109375,0.03649592399597168,0.15774083137512207,8,13,True,,,,,
MomentumBuilder,4,4,-12.838442185295605,-13.0,0.1615578147043948,0.36669921875,0.14125299453735352,0.22544622421264648,8,13,False,,,,,
MomentumBuilder,5,4,-21.415277990258588,-22.0,0.5847220097414123,0.2766757011413574,0.0683436393737793,0.20833206176757812,9,14,False,,,,,
MomentumBuilder,6,4,-2.6110233731478596,-7.0,4.38897662685214,0.4807271957397461,0.1617741584777832,0.3189530372619629,10,13,False,,,,,
MomentumBuilder,7,4,-14.895473163490394,-24.0,9.104526836509606,0.5133090019226074,0.31352877616882324,0.19978022575378418,11,9,False,,,,,
MomentumBuilder,8,4,-9.99954949913456,-10.0,0.0004505008654405174,0.28589463233947754,0.12697887420654297,0.15891575813293457,10,12,True,,,,,
MomentumBuilder,9,4,-7.824657510058383,-10.0,2.1753424899416167,0.2908651828765869,0.12240719795227051,0.1684579849243164,10,14,False,,,,,
MomentumBuilder,10,4,-14.432001032971932,-15.0,0.5679989670280676,0.2728738784790039,0.11568999290466309,0.15718388557434082,10,13,False,,,,,
MomentumBuilder,11,4,-6.203923155325461,-12.0,5.796076844674539,1.4582090377807617,1.2114920616149902,0.24671697616577148,20,12,False,,,,,
MomentumBuilder,12,4,-15.769273111888012,-10.0,5.769273111888012,0.36832618713378906,0.19642901420593262,0.17189717292785645,11,10,False,,,,,
MomentumBuilder,1,5,-9.999999993118848,-10.0,6.881151648485684e-09,0.02144598960876465,9.202957153320312e-05,0.021353960037231445,1,1,True,,,,,
MomentumBuilder,2,5,10.000000006611288,500.0,489.9999999933887,0.02052021026611328,0.0001461505889892578,0.020374059677124023,1,1,False,,,,,
MomentumBuilder,3,5,-9.999975318777821,-10.0,2.4681222178912776e-05,0.14835405349731445,0.03255796432495117,0.11579608917236328,8,13,True,,,,,
MomentumBuilder,4,5,-12.838442185295605,-13.0,0.1615578147043948,0.17470598220825195,0.03333878517150879,0.14136719703674316,8,13,False,,,,,
MomentumBuilder,5,5,-21.415277990258588,-22.0,0.5847220097414123,0.2598121166229248,0.06428694725036621,0.1955251693725586,9,14,False,,,,,
MomentumBuilder,6,5,-2.6110233731478596,-7.0,4.38897662685214,0.27562999725341797,0.10979294776916504,0.16583704948425293,10,13,False,,,,,
MomentumBuilder,7,5,-14.895473163490394,-24.0,9.104526836509606,0.3529210090637207,0.18839216232299805,0.16452884674072266,11,9,False,,,,,
MomentumBuilder,8,5,-9.99954949913456,-10.0,0.0004505008654405174,0.26554226875305176,0.12067627906799316,0.1448659896850586,10,12,True,,,,,
MomentumBuilder,9,5,-7.824657510058383,-10.0,2.1753424899416167,0.2697489261627197,0.11162495613098145,0.15812397003173828,10,14,False,,,,,
MomentumBuilder,10,5,-14.432001032971932,-15.0,0.5679989670280676,0.2760429382324219,0.11751127243041992,0.15853166580200195,10,13,False,,,,,
MomentumBuilder,11,5,-6.203923155325461,-12.0,5.796076844674539,1.5362300872802734,1.2867541313171387,0.24947595596313477,20,12,False,,,,,
MomentumBuilder,12,5,-15.769273111888012,-10.0,5.769273111888012,0.363849401473999,0.19134998321533203,0.172499418258667,11,10,False,,,,,
MomentumBuilder,1,6,-9.999999993118848,-10.0,6.881151648485684e-09,0.021022319793701172,0.00010013580322265625,0.020922183990478516,1,1,True,,,,,
MomentumBuilder,2,6,10.000000006611288,500.0,489.9999999933887,0.020406007766723633,8.797645568847656e-05,0.020318031311035156,1,1,False,,,,,
MomentumBuilder,3,6,-9.999975318777821,-10.0,2.4681222178912776e-05,0.1544027328491211,0.03250288963317871,0.12189984321594238,8,13,True,,,,,
MomentumBuilder,4,6,-12.838442185295605,-13.0,0.1615578147043948,0.17089104652404785,0.03155016899108887,0.13934087753295898,8,13,False,,,,,
MomentumBuilder,5,6,-21.415277990258588,-22.0,0.5847220097414123,0.2043309211730957,0.06573486328125,0.1385960578918457,9,14,False,,,,,
MomentumBuilder,6,6,-2.6110233731478596,-7.0,4.38897662685214,0.26212096214294434,0.1097710132598877,0.15234994888305664,10,13,False,,,,,
MomentumBuilder,7,6,-14.895473163490394,-24.0,9.104526836509606,0.35401296615600586,0.19578814506530762,0.15822482109069824,11,9,False,,,,,
MomentumBuilder,8,6,-9.99954949913456,-10.0,0.0004505008654405174,0.27373647689819336,0.11366772651672363,0.16006875038146973,10,12,True,,,,,
MomentumBuilder,9,6,-7.824657510058383,-10.0,2.1753424899416167,0.26344823837280273,0.1088101863861084,0.15463805198669434,10,14,False,,,,,
MomentumBuilder,10,6,-14.432001032971932,-15.0,0.5679989670280676,0.27234697341918945,0.12317705154418945,0.149169921875,10,13,False,,,,,
MomentumBuilder,11,6,-6.203923155325461,-12.0,5.796076844674539,1.7261712551116943,1.4800209999084473,0.24615025520324707,20,12,False,,,,,
MomentumBuilder,12,6,-15.769273111888012,-10.0,5.769273111888012,0.3609426021575928,0.19399785995483398,0.1669447422027588,11,10,False,,,,,
MomentumBuilder,1,7,-9.999999993118848,-10.0,6.881151648485684e-09,0.02157902717590332,8.916854858398438e-05,0.021489858627319336,1,1,True,,,,,
MomentumBuilder,2,7,10.000000006611288,500.0,489.9999999933887,0.018378019332885742,8.606910705566406e-05,0.018291950225830078,1,1,False,,,,,
MomentumBuilder,3,7,-9.999975318777821,-10.0,2.4681222178912776e-05,0.15119099617004395,0.030023813247680664,0.12116718292236328,8,13,True,,,,,
MomentumBuilder,4,7,-12.838442185295605,-13.0,0.1615578147043948,0.18259215354919434,0.032267093658447266,0.15032505989074707,8,13,False,,,,,
MomentumBuilder,5,7,-21.415277990258588,-22.0,0.5847220097414123,0.20177173614501953,0.06537866592407227,0.13639307022094727,9,14,False,,,,,
MomentumBuilder,6,7,-2.6110233731478596,-7.0,4.38897662685214,0.30835700035095215,0.11507105827331543,0.19328594207763672,10,13,False,,,,,
MomentumBuilder,7,7,-14.895473163490394,-24.0,9.104526836509606,0.5734820365905762,0.21434497833251953,0.35913705825805664,11,9,False,,,,,
MomentumBuilder,8,7,-9.99954949913456,-10.0,0.0004505008654405174,0.28032994270324707,0.13505101203918457,0.1452789306640625,10,12,True,,,,,
MomentumBuilder,9,7,-7.824657510058383,-10.0,2.1753424899416167,0.3129761219024658,0.11868619918823242,0.1942899227142334,10,14,False,,,,,
MomentumBuilder,10,7,-14.432001032971932,-15.0,0.5679989670280676,0.261707067489624,0.11073684692382812,0.1509702205657959,10,13,False,,,,,
MomentumBuilder,11,7,-6.203923155325461,-12.0,5.796076844674539,1.690030813217163,1.355771780014038,0.334259033203125,20,12,False,,,,,
MomentumBuilder,12,7,-15.769273111888012,-10.0,5.769273111888012,0.385120153427124,0.20795798301696777,0.17716217041015625,11,10,False,,,,,
MomentumBuilder,1,8,-9.999999993118848,-10.0,6.881151648485684e-09,0.023160696029663086,8.988380432128906e-05,0.023070812225341797,1,1,True,,,,,
MomentumBuilder,2,8,10.000000006611288,500.0,489.9999999933887,0.02889847755432129,0.0001373291015625,0.02876114845275879,1,1,False,,,,,
MomentumBuilder,3,8,-9.999975318777821,-10.0,2.4681222178912776e-05,0.15728497505187988,0.03191113471984863,0.12537384033203125,8,13,True,,,,,
MomentumBuilder,4,8,-12.838442185295605,-13.0,0.1615578147043948,0.16053414344787598,0.03244614601135254,0.12808799743652344,8,13,False,,,,,
MomentumBuilder,5,8,-21.415277990258588,-22.0,0.5847220097414123,0.21211028099060059,0.07106828689575195,0.14104199409484863,9,14,False,,,,,
MomentumBuilder,6,8,-2.6110233731478596,-7.0,4.38897662685214,0.27042484283447266,0.10581183433532715,0.1646130084991455,10,13,False,,,,,
MomentumBuilder,7,8,-14.895473163490394,-24.0,9.104526836509606,0.41490960121154785,0.23986268043518066,0.1750469207763672,11,9,False,,,,,
MomentumBuilder,8,8,-9.99954949913456,-10.0,0.0004505008654405174,0.3161661624908447,0.1291489601135254,0.18701720237731934,10,12,True,,,,,
MomentumBuilder,9,8,-7.824657510058383,-10.0,2.1753424899416167,0.26534533500671387,0.12100005149841309,0.14434528350830078,10,14,False,,,,,
MomentumBuilder,10,8,-14.432001032971932,-15.0,0.5679989670280676,0.2674102783203125,0.11829209327697754,0.14911818504333496,10,13,False,,,,,
MomentumBuilder,11,8,-6.203923155325461,-12.0,5.796076844674539,1.4098029136657715,1.1722447872161865,0.23755812644958496,20,12,False,,,,,
MomentumBuilder,12,8,-15.769273111888012,-10.0,5.769273111888012,0.3391590118408203,0.18437504768371582,0.1547839641571045,11,10,False,,,,,
MomentumBuilder,1,9,-9.999999993118848,-10.0,6.881151648485684e-09,0.018930912017822266,8.988380432128906e-05,0.018841028213500977,1,1,True,,,,,
MomentumBuilder,2,9,10.000000006611288,500.0,489.9999999933887,0.0198519229888916,8.678436279296875e-05,0.019765138626098633,1,1,False,,,,,
MomentumBuilder,3,9,-9.999975318777821,-10.0,2.4681222178912776e-05,0.1427750587463379,0.029722213745117188,0.1130528450012207,8,13,True,,,,,
MomentumBuilder,4,9,-12.838442185295605,-13.0,0.1615578147043948,0.1569957733154297,0.03084588050842285,0.12614989280700684,8,13,False,,,,,
MomentumBuilder,5,9,-21.415277990258588,-22.0,0.5847220097414123,0.19291090965270996,0.0622708797454834,0.13064002990722656,9,14,False,,,,,
MomentumBuilder,6,9,-2.6110233731478596,-7.0,4.38897662685214,0.2552199363708496,0.11098790168762207,0.14423203468322754,10,13,False,,,,,
MomentumBuilder,7,9,-14.895473163490394,-24.0,9.104526836509606,0.34074997901916504,0.1802079677581787,0.16054201126098633,11,9,False,,,,,
MomentumBuilder,8,9,-9.99954949913456,-10.0,0.0004505008654405174,0.26013898849487305,0.11410713195800781,0.14603185653686523,10,12,True,,,,,
MomentumBuilder,9,9,-7.824657510058383,-10.0,2.1753424899416167,0.26271891593933105,0.11245489120483398,0.15026402473449707,10,14,False,,,,,
MomentumBuilder,10,9,-14.432001032971932,-15.0,0.5679989670280676,0.25212645530700684,0.10944724082946777,0.14267921447753906,10,13,False,,,,,
MomentumBuilder,11,9,-6.203923155325461,-12.0,5.796076844674539,1.3814747333526611,1.1331818103790283,0.2482929229736328,20,12,False,,,,,
MomentumBuilder,12,9,-15.769273111888012,-10.0,5.769273111888012,0.3550999164581299,0.1898510456085205,0.16524887084960938,11,10,False,,,,,
MomentumBuilder,1,10,-9.999999993118848,-10.0,6.881151648485684e-09,0.020188331604003906,9.322166442871094e-05,0.020095109939575195,1,1,True,,,,,
MomentumBuilder,2,10,10.000000006611288,500.0,489.9999999933887,0.01887679100036621,9.274482727050781e-05,0.018784046173095703,1,1,False,,,,,
MomentumBuilder,3,10,-9.999975318777821,-10.0,2.4681222178912776e-05,0.15042948722839355,0.03081822395324707,0.11961126327514648,8,13,True,,,,,
MomentumBuilder,4,10,-12.838442185295605,-13.0,0.1615578147043948,0.15540289878845215,0.029247045516967773,0.12615585327148438,8,13,False,,,,,
MomentumBuilder,5,10,-21.415277990258588,-22.0,0.5847220097414123,0.20822906494140625,0.06412696838378906,0.1441020965576172,9,14,False,,,,,
MomentumBuilder,6,10,-2.6110233731478596,-7.0,4.38897662685214,0.26094865798950195,0.1121826171875,0.14876604080200195,10,13,False,,,,,
MomentumBuilder,7,10,-14.895473163490394,-24.0,9.104526836509606,0.3509032726287842,0.19456911087036133,0.15633416175842285,11,9,False,,,,,
MomentumBuilder,8,10,-9.99954949913456,-10.0,0.0004505008654405174,0.267139196395874,0.11356306076049805,0.15357613563537598,10,12,True,,,,,
MomentumBuilder,9,10,-7.824657510058383,-10.0,2.1753424899416167,0.24883580207824707,0.1091909408569336,0.13964486122131348,10,14,False,,,,,
MomentumBuilder,10,10,-14.432001032971932,-15.0,0.5679989670280676,0.2546200752258301,0.1113591194152832,0.14326095581054688,10,13,False,,,,,
MomentumBuilder,11,10,-6.203923155325461,-12.0,5.796076844674539,1.3646130561828613,1.1172420978546143,0.24737095832824707,20,12,False,,,,,
MomentumBuilder,12,10,-15.769273111888012,-10.0,5.769273111888012,0.34181714057922363,0.1846160888671875,0.15720105171203613,11,10,False,,,,,
MonteCarloMomentumBuilder,1,1,-9.999999993118848,-10.0,6.881151648485684e-09,0.039858341217041016,0.00013709068298339844,0.03972125053405762,1,1,True,,,,,
MonteCarloMomentumBuilder,2,1,10.000000006611288,500.0,489.9999999933887,0.025688886642456055,8.893013000488281e-05,0.025599956512451172,1,1,False,,,,,
MonteCarloMomentumBuilder,3,1,-9.999893771899387,-10.0,0.00010622810061278187,0.5755770206451416,0.4428439140319824,0.13273310661315918,8,13,True,,,,,
MonteCarloMomentumBuilder,4,1,-12.981018435890906,-13.0,0.018981564109093796,0.5413260459899902,0.41959381103515625,0.12173223495483398,8,13,False,,,,,
MonteCarloMomentumBuilder,5,1,-21.99976425949812,-22.0,0.0002357405018784675,0.8023567199707031,0.6758208274841309,0.12653589248657227,9,14,True,,,,,
MonteCarloMomentumBuilder,6,1,-8.742943398194377,-7.0,1.7429433981943774,1.1411900520324707,0.9855959415435791,0.1555941104888916,10,13,False,,,,,
MonteCarloMomentumBuilder,7,1,-21.839286944422557,-24.0,2.1607130555774425,1.6468887329101562,1.4706807136535645,0.1762080192565918,11,9,False,,,,,
MonteCarloMomentumBuilder,8,1,-9.99965953267613,-10.0,0.0003404673238698308,1.270385980606079,1.0685808658599854,0.20180511474609375,10,12,True,,,,,
MonteCarloMomentumBuilder,9,1,-9.91713668495676,-10.0,0.08286331504323918,1.1427528858184814,0.991840124130249,0.15091276168823242,10,14,False,,,,,
MonteCarloMomentumBuilder,10,1,-14.988287039514717,-15.0,0.011712960485283475,1.1520769596099854,1.0041930675506592,0.14788389205932617,10,13,False,,,,,
MonteCarloMomentumBuilder,11,1,-11.98455117923594,-12.0,0.0154488207640604,6.680956602096558,6.424700736999512,0.2562558650970459,20,12,False,,,,,
MonteCarloMomentumBuilder,12,1,-13.839859768933941,-10.0,3.839859768933941,1.6325552463531494,1.4687089920043945,0.16384625434875488,11,10,False,,,,,
MonteCarloMomentumBuilder,1,2,-9.999999993118848,-10.0,6.881151648485684e-09,0.01995229721069336,9.012222290039062e-05,0.01986217498779297,1,1,True,,,,,
MonteCarloMomentumBuilder,2,2,10.000000006611288,500.0,489.9999999933887,0.021535634994506836,8.392333984375e-05,0.021451711654663086,1,1,False,,,,,
MonteCarloMomentumBuilder,3,2,-9.999999110866256,-10.0,8.891337444083547e-07,0.5321009159088135,0.40987491607666016,0.12222599983215332,8,13,True,,,,,
MonteCarloMomentumBuilder,4,2,-12.99447774198881,-13.0,0.0055222580111902175,0.5126469135284424,0.39550161361694336,0.11714529991149902,8,13,False,,,,,
MonteCarloMomentumBuilder,5,2,-21.995479880803572,-22.0,0.004520119196428141,0.8125841617584229,0.6795430183410645,0.1330411434173584,9,14,False,,,,,
MonteCarloMomentumBuilder,6,2,-8.90230867852464,-7.0,1.9023086785246406,1.1395559310913086,0.987401008605957,0.15215492248535156,10,13,False,,,,,
MonteCarloMomentumBuilder,7,2,-20.295263958168185,-24.0,3.704736041831815,1.646817922592163,1.4833409786224365,0.16347694396972656,11,9,False,,,,,
MonteCarloMomentumBuilder,8,2,-9.999960546462495,-10.0,3.9453537505451663e-05,1.1847257614135742,1.0321898460388184,0.15253591537475586,10,12,True,,,,,
MonteCarloMomentumBuilder,9,2,-9.987774877880065,-10.0,0.01222512211993454,1.1177518367767334,0.9683599472045898,0.14939188957214355,10,14,False,,,,,
MonteCarloMomentumBuilder,10,2,-14.90179862787608,-15.0,0.09820137212392055,1.125199794769287,0.9744620323181152,0.15073776245117188,10,13,False,,,,,
MonteCarloMomentumBuilder,11,2,-11.988488888189593,-12.0,0.01151111181040676,6.658013105392456,6.414009094238281,0.2440040111541748,20,12,False,,,,,
MonteCarloMomentumBuilder,12,2,-13.645568456718511,-10.0,3.645568456718511,1.6288411617279053,1.4599931240081787,0.16884803771972656,11,10,False,,,,,
MonteCarloMomentumBuilder,1,3,-9.999999993118848,-10.0,6.881151648485684e-09,0.020271778106689453,8.988380432128906e-05,0.020181894302368164,1,1,True,,,,,
MonteCarloMomentumBuilder,2,3,10.000000006611288,500.0,489.9999999933887,0.018519163131713867,7.510185241699219e-05,0.018444061279296875,1,1,False,,,,,
MonteCarloMomentumBuilder,3,3,-9.999973394483519,-10.0,2.6605516481481573e-05,0.5197498798370361,0.39304399490356445,0.12670588493347168,8,13,True,,,,,
MonteCarloMomentumBuilder,4,3,-12.999944671326254,-13.0,5.5328673745691503e-05,0.5167512893676758,0.39520263671875,0.12154865264892578,8,13,True,,,,,
MonteCarloMomentumBuilder,5,3,-21.924184186212912,-22.0,0.0758158137870879,0.7962946891784668,0.656282901763916,0.14001178741455078,9,14,False,,,,,
MonteCarloMomentumBuilder,6,3,-8.727326822771532,-7.0,1.7273268227715324,1.1438462734222412,0.9895741939544678,0.15427207946777344,10,13,False,,,,,
MonteCarloMomentumBuilder,7,3,-23.54575160926754,-24.0,0.4542483907324595,1.6142818927764893,1.4473977088928223,0.166884183883667,11,9,False,,,,,
MonteCarloMomentumBuilder,8,3,-9.99680259925853,-10.0,0.0031974007414703465,1.1783943176269531,1.0299031734466553,0.14849114418029785,10,12,False,,,,,
MonteCarloMomentumBuilder,9,3,-9.996582746364368,-10.0,0.003417253635632278,1.1195194721221924,0.9743762016296387,0.1451432704925537,10,14,False,,,,,
MonteCarloMomentumBuilder,10,3,-14.816519885597694,-15.0,0.18348011440230572,1.117741584777832,0.9642398357391357,0.1535017490386963,10,13,False,,,,,
MonteCarloMomentumBuilder,11,3,-11.986405504299249,-12.0,0.013594495700750997,6.698846101760864,6.398842096328735,0.3000040054321289,20,12,False,,,,,
MonteCarloMomentumBuilder,12,3,-13.309200694788025,-10.0,3.309200694788025,3.8271312713623047,3.4173240661621094,0.4098072052001953,11,10,False,,,,,
MonteCarloMomentumBuilder,1,4,-9.999999993118848,-10.0,6.881151648485684e-09,0.0226287841796875,0.00035691261291503906,0.02227187156677246,1,1,True,,,,,
MonteCarloMomentumBuilder,2,4,10.000000006611288,500.0,489.9999999933887,0.01821589469909668,8.7738037109375e-05,0.018128156661987305,1,1,False,,,,,
MonteCarloMomentumBuilder,3,4,-9.999999809277448,-10.0,1.9072255241781022e-07,0.5887711048126221,0.4632749557495117,0.12549614906311035,8,13,True,,,,,
MonteCarloMomentumBuilder,4,4,-12.94811601813742,-13.0,0.0518839818625807,0.504382848739624,0.3888108730316162,0.11557197570800781,8,13,False,,,,,
MonteCarloMomentumBuilder,5,4,-21.99997032078098,-22.0,2.967921901841919e-05,0.8221137523651123,0.6852748394012451,0.1368389129638672,9,14,True,,,,,
MonteCarloMomentumBuilder,6,4,-8.932543429488817,-7.0,1.9325434294888169,1.127290964126587,0.9826681613922119,0.144622802734375,10,13,False,,,,,
MonteCarloMomentumBuilder,7,4,-21.182699948231896,-24.0,2.817300051768104,2.550593137741089,2.395426034927368,0.1551671028137207,11,9,False,,,,,
MonteCarloMomentumBuilder,8,4,-9.999960061999573,-10.0,3.993800042678686e-05,1.2122936248779297,1.0651867389678955,0.14710688591003418,10,12,True,,,,,
MonteCarloMomentumBuilder,9,4,-9.979581489519456,-10.0,0.020418510480544327,1.1379826068878174,0.9827418327331543,0.15524077415466309,10,14,False,,,,,
MonteCarloMomentumBuilder,10,4,-14.877318666045408,-15.0,0.12268133395459202,1.1858983039855957,1.0359241962432861,0.14997410774230957,10,13,False,,,,,
MonteCarloMomentumBuilder,11,4,-11.982847300710342,-12.0,0.017152699289658457,6.728995084762573,6.4774229526519775,0.2515721321105957,20,12,False,,,,,
MonteCarloMomentumBuilder,12,4,-13.693775973927455,-10.0,3.6937759739274547,1.5922062397003174,1.4371001720428467,0.1551060676574707,11,10,False,,,,,
MonteCarloMomentumBuilder,1,5,-9.999999993118848,-10.0,6.881151648485684e-09,0.022098541259765625,9.179115295410156e-05,0.022006750106811523,1,1,True,,,,,
MonteCarloMomentumBuilder,2,5,10.000000006611288,500.0,489.9999999933887,0.0181427001953125,0.00010395050048828125,0.01803874969482422,1,1,False,,,,,
MonteCarloMomentumBuilder,3,5,-9.999989459703897,-10.0,1.0540296102590219e-05,0.514580488204956,0.3984372615814209,0.11614322662353516,8,13,True,,,,,
MonteCarloMomentumBuilder,4,5,-12.918360200126624,-13.0,0.08163979987337555,0.5372326374053955,0.4111328125,0.1260998249053955,8,13,False,,,,,
MonteCarloMomentumBuilder,5,5,-21.240144423844498,-22.0,0.7598555761555019,0.7879958152770996,0.6579148769378662,0.1300809383392334,9,14,False,,,,,
MonteCarloMomentumBuilder,6,5,-6.784557772545934,-7.0,0.21544222745406572,1.099684238433838,0.9592010974884033,0.14048314094543457,10,13,False,,,,,
MonteCarloMomentumBuilder,7,5,-22.93840033662707,-24.0,1.061599663372931,1.5841121673583984,1.435115098953247,0.14899706840515137,11,9,False,,,,,
MonteCarloMomentumBuilder,8,5,-9.999477727229365,-10.0,0.0005222727706346575,1.189753770828247,1.0392048358917236,0.15054893493652344,10,12,True,,,,,
MonteCarloMomentumBuilder,9,5,-9.998754953598334,-10.0,0.0012450464016655616,1.1103835105895996,0.9721353054046631,0.13824820518493652,10,14,False,,,,,
MonteCarloMomentumBuilder,10,5,-14.999979333427557,-15.0,2.0666572442706865e-05,1.114980936050415,0.9626901149749756,0.15229082107543945,10,13,True,,,,,
MonteCarloMomentumBuilder,11,5,-11.890271667363256,-12.0,0.10972833263674353,6.782798767089844,6.514977931976318,0.2678208351135254,20,12,False,,,,,
MonteCarloMomentumBuilder,12,5,-13.911382357142369,-10.0,3.9113823571423687,1.6287927627563477,1.461824893951416,0.16696786880493164,11,10,False,,,,,
MonteCarloMomentumBuilder,1,6,-9.999999993118848,-10.0,6.881151648485684e-09,0.020092248916625977,0.00011515617370605469,0.019977092742919922,1,1,True,,,,,
MonteCarloMomentumBuilder,2,6,10.000000006611288,500.0,489.9999999933887,0.019366979598999023,8.082389831542969e-05,0.019286155700683594,1,1,False,,,,,
MonteCarloMomentumBuilder,3,6,-9.99997291854605,-10.0,2.7081453950472678e-05,0.522273063659668,0.4002869129180908,0.12198615074157715,8,13,True,,,,,
MonteCarloMomentumBuilder,4,6,-12.994596075178471,-13.0,0.00540392482152896,0.5199422836303711,0.39300036430358887,0.12694191932678223,8,13,False,,,,,
MonteCarloMomentumBuilder,5,6,-21.840193266416563,-22.0,0.15980673358343722,0.8017299175262451,0.6649808883666992,0.1367490291595459,9,14,False,,,,,
MonteCarloMomentumBuilder,6,6,-8.832371591482936,-7.0,1.8323715914829357,1.2134690284729004,1.0669491291046143,0.14651989936828613,10,13,False,,,,,
MonteCarloMomentumBuilder,7,6,-22.951920140261045,-24.0,1.0480798597389551,1.6268558502197266,1.4647839069366455,0.16207194328308105,11,9,False,,,,,
MonteCarloMomentumBuilder,8,6,-9.999606353920834,-10.0,0.00039364607916603234,1.195594072341919,1.0525219440460205,0.14307212829589844,10,12,True,,,,,
MonteCarloMomentumBuilder,9,6,-9.99117315209962,-10.0,0.00882684790038013,1.1260461807250977,0.974128007888794,0.1519181728363037,10,14,False,,,,,
MonteCarloMomentumBuilder,10,6,-14.813833726803065,-15.0,0.18616627319693535,1.1418309211730957,0.9933440685272217,0.14848685264587402,10,13,False,,,,,
MonteCarloMomentumBuilder,11,6,-11.977200635258985,-12.0,0.022799364741015182,6.832972049713135,6.552854061126709,0.2801179885864258,20,12,False,,,,,
MonteCarloMomentumBuilder,12,6,-13.915121599241488,-10.0,3.9151215992414876,1.7399077415466309,1.5657427310943604,0.1741650104522705,11,10,False,,,,,
MonteCarloMomentumBuilder,1,7,-9.999999993118848,-10.0,6.881151648485684e-09,0.020984172821044922,0.00010013580322265625,0.020884037017822266,1,1,True,,,,,
MonteCarloMomentumBuilder,2,7,10.000000006611288,500.0,489.9999999933887,0.02015972137451172,0.0001418590545654297,0.02001786231994629,1,1,False,,,,,
MonteCarloMomentumBuilder,3,7,-9.999992990212974,-10.0,7.009787026390768e-06,0.5264861583709717,0.4048480987548828,0.12163805961608887,8,13,True,,,,,
MonteCarloMomentumBuilder,4,7,-12.935027006157458,-13.0,0.06497299384254163,0.519157886505127,0.3940238952636719,0.12513399124145508,8,13,False,,,,,
MonteCarloMomentumBuilder,5,7,-21.30485312866458,-22.0,0.695146871335421,0.8097827434539795,0.6779518127441406,0.13183093070983887,9,14,False,,,,,
MonteCarloMomentumBuilder,6,7,-8.627490387402894,-7.0,1.6274903874028936,1.1459112167358398,0.9992630481719971,0.14664816856384277,10,13,False,,,,,
MonteCarloMomentumBuilder,7,7,-23.7105584183164,-24.0,0.2894415816836009,1.638597011566162,1.4757769107818604,0.16282010078430176,11,9,False,,,,,
MonteCarloMomentumBuilder,8,7,-9.999985627223758,-10.0,1.4372776242055352e-05,1.239192008972168,1.0802569389343262,0.1589350700378418,10,12,True,,,,,
MonteCarloMomentumBuilder,9,7,-9.852261019444411,-10.0,0.1477389805555891,1.1539299488067627,0.9989428520202637,0.15498709678649902,10,14,False,,,,,
MonteCarloMomentumBuilder,10,7,-14.969649610291732,-15.0,0.030350389708267755,1.1265590190887451,0.9786908626556396,0.14786815643310547,10,13,False,,,,,
MonteCarloMomentumBuilder,11,7,-11.779565391861663,-12.0,0.22043460813833704,6.750108957290649,6.491549968719482,0.258558988571167,20,12,False,,,,,
MonteCarloMomentumBuilder,12,7,-15.984530232874611,-10.0,5.9845302328746115,1.6500415802001953,1.4786198139190674,0.17142176628112793,11,10,False,,,,,
MonteCarloMomentumBuilder,1,8,-9.999999993118848,-10.0,6.881151648485684e-09,0.018761873245239258,0.0001049041748046875,0.01865696907043457,1,1,True,,,,,
MonteCarloMomentumBuilder,2,8,10.000000006611288,500.0,489.9999999933887,0.019167661666870117,8.392333984375e-05,0.019083738327026367,1,1,False,,,,,
MonteCarloMomentumBuilder,3,8,-9.999895610835118,-10.0,0.00010438916488197947,0.5200479030609131,0.3974578380584717,0.1225900650024414,8,13,True,,,,,
MonteCarloMomentumBuilder,4,8,-12.96885123963218,-13.0,0.031148760367820216,0.5268237590789795,0.4018728733062744,0.12495088577270508,8,13,False,,,,,
MonteCarloMomentumBuilder,5,8,-21.95076916309066,-22.0,0.04923083690934149,0.801720142364502,0.6641700267791748,0.13755011558532715,9,14,False,,,,,
MonteCarloMomentumBuilder,6,8,-8.62425712717552,-7.0,1.62425712717552,1.148820161819458,0.9919590950012207,0.1568610668182373,10,13,False,,,,,
MonteCarloMomentumBuilder,7,8,-23.331501649876078,-24.0,0.6684983501239223,1.6341590881347656,1.4678568840026855,0.16630220413208008,11,9,False,,,,,
MonteCarloMomentumBuilder,8,8,-9.999942601535919,-10.0,5.7398464081259704e-05,1.2033579349517822,1.0565619468688965,0.14679598808288574,10,12,True,,,,,
MonteCarloMomentumBuilder,9,8,-9.671291729271882,-10.0,0.3287082707281179,1.1633684635162354,1.0070173740386963,0.15635108947753906,10,14,False,,,,,
MonteCarloMomentumBuilder,10,8,-14.960535289521275,-15.0,0.03946471047872535,1.12687087059021,0.9830858707427979,0.1437849998474121,10,13,False,,,,,
MonteCarloMomentumBuilder,11,8,-11.98295425302302,-12.0,0.01704574697697936,6.732593059539795,6.476037979125977,0.25655508041381836,20,12,False,,,,,
MonteCarloMomentumBuilder,12,8,-13.97755583541673,-10.0,3.97755583541673,1.738070011138916,1.547619104385376,0.19045090675354004,11,10,False,,,,,
MonteCarloMomentumBuilder,1,9,-9.999999993118848,-10.0,6.881151648485684e-09,0.028818845748901367,0.0001506805419921875,0.02866816520690918,1,1,True,,,,,
MonteCarloMomentumBuilder,2,9,10.000000006611288,500.0,489.9999999933887,0.026499032974243164,0.0001761913299560547,0.02632284164428711,1,1,False,,,,,
MonteCarloMomentumBuilder,3,9,-9.999792596079274,-10.0,0.0002074039207258238,0.5478329658508301,0.4075779914855957,0.14025497436523438,8,13,True,,,,,
MonteCarloMomentumBuilder,4,9,-12.999830443700333,-13.0,0.00016955629966730612,0.5812559127807617,0.45537900924682617,0.12587690353393555,8,13,True,,,,,
MonteCarloMomentumBuilder,5,9,-21.9407539528542,-22.0,0.059246047145798286,0.942802906036377,0.7949810028076172,0.14782190322875977,9,14,False,,,,,
MonteCarloMomentumBuilder,6,9,-8.301296314498167,-7.0,1.3012963144981669,1.2269060611724854,1.0629770755767822,0.16392898559570312,10,13,False,,,,,
MonteCarloMomentumBuilder,7,9,-22.497492457655973,-24.0,1.502507542344027,1.952165126800537,1.7395610809326172,0.21260404586791992,11,9,False,,,,,
MonteCarloMomentumBuilder,8,9,-9.99987181573631,-10.0,0.00012818426369065605,1.2680540084838867,1.1032359600067139,0.16481804847717285,10,12,True,,,,,
MonteCarloMomentumBuilder,9,9,-9.855725186916997,-10.0,0.14427481308300294,1.2300260066986084,1.0562260150909424,0.17379999160766602,10,14,False,,,,,
MonteCarloMomentumBuilder,10,9,-14.882637868527397,-15.0,0.11736213147260344,1.207888126373291,1.0430071353912354,0.16488099098205566,10,13,False,,,,,
MonteCarloMomentumBuilder,11,9,-11.962436119444295,-12.0,0.037563880555705254,7.131727933883667,6.834362983703613,0.2973649501800537,20,12,False,,,,,
MonteCarloMomentumBuilder,12,9,-13.805799923810728,-10.0,3.805799923810728,1.7512621879577637,1.56221604347229,0.18904614448547363,11,10,False,,,,,
MonteCarloMomentumBuilder,1,10,-9.999999993118848,-10.0,6.881151648485684e-09,0.023319005966186523,9.393692016601562e-05,0.023225069046020508,1,1,True,,,,,
MonteCarloMomentumBuilder,2,10,10.000000006611288,500.0,489.9999999933887,0.02305293083190918,9.298324584960938e-05,0.02295994758605957,1,1,False,,,,,
MonteCarloMomentumBuilder,3,10,-9.999998402886561,-10.0,1.5971134388337305e-06,0.5705280303955078,0.4261209964752197,0.14440703392028809,8,13,True,,,,,
MonteCarloMomentumBuilder,4,10,-12.999289118051031,-13.0,0.0007108819489687335,0.5684671401977539,0.43119001388549805,0.13727712631225586,8,13,True,,,,,
MonteCarloMomentumBuilder,5,10,-21.472465076642695,-22.0,0.5275349233573046,0.8827610015869141,0.7324039936065674,0.15035700798034668,9,14,False,,,,,
MonteCarloMomentumBuilder,6,10,-7.167899729372074,-7.0,0.1678997293720741,1.2004659175872803,1.0435400009155273,0.15692591667175293,10,13,False,,,,,
MonteCarloMomentumBuilder,7,10,-23.174072856357533,-24.0,0.8259271436424669,1.719139575958252,1.5299608707427979,0.1891787052154541,11,9,False,,,,,
MonteCarloMomentumBuilder,8,10,-9.999977755176392,-10.0,2.2244823608019715e-05,1.2649190425872803,1.1057312488555908,0.15918779373168945,10,12,True,,,,,
MonteCarloMomentumBuilder,9,10,-9.992230572036274,-10.0,0.007769427963726372,1.1919915676116943,1.0310757160186768,0.16091585159301758,10,14,False,,,,,
MonteCarloMomentumBuilder,10,10,-14.985828383859157,-15.0,0.014171616140842502,1.1987173557281494,1.0371031761169434,0.16161417961120605,10,13,False,,,,,
MonteCarloMomentumBuilder,11,10,-11.991226781586267,-12.0,0.00877321841373302,7.515919923782349,7.115242958068848,0.400676965713501,20,12,False,,,,,
MonteCarloMomentumBuilder,12,10,-13.969670952398815,-10.0,3.9696709523988147,2.8089401721954346,2.627133369445801,0.1818068027496338,11,10,False,,,,,
ADAPT-VQE,1,1,-9.999999999997954,-10.0,2.0463630789890885e-12,0.025987863540649414,0.025987863540649414,0.0,1,2,True,2.0,382.7770879963756,392.77708799637355,1.0,Aborted due to a cyclic selection of evolution operators
ADAPT-VQE,2,1,10.000000000019355,500.0,489.9999999999807,0.008935928344726562,0.008935928344726562,0.0,1,2,False,2.0,387.37406493769424,377.3740649376749,1.0,Aborted due to a cyclic selection of evolution operators
ADAPT-VQE,3,1,-9.999999999993008,-10.0,6.991740519879386e-12,0.05378293991088867,0.05378293991088867,0.0,2,2,True,3.0,110.85312864393784,120.85312864393084,2.0,Aborted due to a cyclic selection of evolution operators
ADAPT-VQE,4,1,-12.999999999999986,-13.0,1.4210854715202004e-14,0.03914976119995117,0.03914976119995117,0.0,2,2,True,3.0,121.47770415080407,134.47770415080407,2.0,Threshold converged
ADAPT-VQE,5,1,-19.999999891993504,-22.0,2.000000108006496,0.08671379089355469,0.08671379089355469,0.0,5,3,False,6.0,168.73166476851668,188.73166466051018,5.0,Aborted due to a cyclic selection of evolution operators
ADAPT-VQE,6,1,-8.999999991244067,-7.0,1.9999999912440671,0.11441779136657715,0.11441779136657715,0.0,4,2,False,5.0,248.0370243570634,257.03702434830745,4.0,Aborted due to a cyclic selection of evolution operators
ADAPT-VQE,7,1,-4.999998058980038,-24.0,19.00000194101996,0.19210124015808105,0.19210124015808105,0.0,5,2,False,6.0,166.01111021450842,171.01110827348845,5.0,Aborted due to a cyclic selection of evolution operators
ADAPT-VQE,8,1,-9.99999999993446,-10.0,6.554046194651164e-11,0.10863828659057617,0.10863828659057617,0.0,4,2,True,5.0,145.46540267302436,155.46540267295882,4.0,Threshold converged
ADAPT-VQE,9,1,-9.999999999999938,-10.0,6.217248937900877e-14,0.12624597549438477,0.12624597549438477,0.0,4,2,True,5.0,159.62687103849575,169.6268710384957,4.0,Threshold converged
ADAPT-VQE,10,1,-14.999999841435741,-15.0,1.585642586121594e-07,0.13575506210327148,0.13575506210327148,0.0,4,2,True,5.0,157.32838256783646,172.3283824092722,4.0,Aborted due to a cyclic selection of evolution operators
ADAPT-VQE,11,1,-11.999999998243656,-12.0,1.7563444032475672e-09,0.6985340118408203,0.6985340118408203,0.0,8,2,True,8.0,116.22307055381776,128.22307055206142,8.0,Maximum number of iterations reached
ADAPT-VQE,12,1,-13.999999987471007,-10.0,3.999999987471007,0.22792696952819824,0.22792696952819824,0.0,7,3,False,8.0,154.39187609781285,168.39187608528385,7.0,Aborted due to a cyclic selection of evolution operators
ADAPT-VQE,1,2,-9.999999999997954,-10.0,2.0463630789890885e-12,0.008983850479125977,0.008983850479125977,0.0,1,2,True,2.0,382.7770879963756,392.77708799637355,1.0,Aborted due to a cyclic selection of evolution operators
ADAPT-VQE,2,2,10.000000000019355,500.0,489.9999999999807,0.008505821228027344,0.008505821228027344,0.0,1,2,False,2.0,387.37406493769424,377.3740649376749,1.0,Aborted due to a cyclic selection of evolution operators
ADAPT-VQE,3,2,-9.999999999993008,-10.0,6.991740519879386e-12,0.026999950408935547,0.026999950408935547,0.0,2,2,True,3.0,110.85312864393784,120.85312864393084,2.0,Aborted due to a cyclic selection of evolution operators
ADAPT-VQE,4,2,-12.999999999999986,-13.0,1.4210854715202004e-14,0.02981090545654297,0.02981090545654297,0.0,2,2,True,3.0,121.47770415080407,134.47770415080407,2.0,Threshold converged
ADAPT-VQE,5,2,-19.999999891993504,-22.0,2.000000108006496,0.0856938362121582,0.0856938362121582,0.0,5,3,False,6.0,168.73166476851668,188.73166466051018,5.0,Aborted due to a cyclic selection of evolution operators
ADAPT-VQE,6,2,-8.999999991244067,-7.0,1.9999999912440671,0.10482287406921387,0.10482287406921387,0.0,4,2,False,5.0,248.0370243570634,257.03702434830745,4.0,Aborted due to a cyclic selection of evolution operators
ADAPT-VQE,7,2,-4.999998058980038,-24.0,19.00000194101996,0.19762611389160156,0.19762611389160156,0.0,5,2,False,6.0,166.01111021450842,171.01110827348845,5.0,Aborted due to a cyclic selection of evolution operators
ADAPT-VQE,8,2,-9.99999999993446,-10.0,6.554046194651164e-11,0.1064598560333252,0.1064598560333252,0.0,4,2,True,5.0,145.46540267302436,155.46540267295882,4.0,Threshold converged
ADAPT-VQE,9,2,-9.999999999999938,-10.0,6.217248937900877e-14,0.13652706146240234,0.13652706146240234,0.0,4,2,True,5.0,159.62687103849575,169.6268710384957,4.0,Threshold converged
ADAPT-VQE,10,2,-14.999999841435741,-15.0,1.585642586121594e-07,0.12688517570495605,0.12688517570495605,0.0,4,2,True,5.0,157.32838256783646,172.3283824092722,4.0,Aborted due to a cyclic selection of evolution operators
ADAPT-VQE,11,2,-11.999999998243656,-12.0,1.7563444032475672e-09,0.6946308612823486,0.6946308612823486,0.0,8,2,True,8.0,116.22307055381776,128.22307055206142,8.0,Maximum number of iterations reached
ADAPT-VQE,12,2,-13.999999987471007,-10.0,3.999999987471007,0.23265504837036133,0.23265504837036133,0.0,7,3,False,8.0,154.39187609781285,168.39187608528385,7.0,Aborted due to a cyclic selection of evolution operators
ADAPT-VQE,1,3,-9.999999999997954,-10.0,2.0463630789890885e-12,0.008195877075195312,0.008195877075195312,0.0,1,2,True,2.0,382.7770879963756,392.77708799637355,1.0,Aborted due to a cyclic selection of evolution operators
ADAPT-VQE,2,3,10.000000000019355,500.0,489.9999999999807,0.007879018783569336,0.007879018783569336,0.0,1,2,False,2.0,387.37406493769424,377.3740649376749,1.0,Aborted due to a cyclic selection of evolution operators
ADAPT-VQE,3,3,-9.999999999993008,-10.0,6.991740519879386e-12,0.027376890182495117,0.027376890182495117,0.0,2,2,True,3.0,110.85312864393784,120.85312864393084,2.0,Aborted due to a cyclic selection of evolution operators
ADAPT-VQE,4,3,-12.999999999999986,-13.0,1.4210854715202004e-14,0.029783010482788086,0.029783010482788086,0.0,2,2,True,3.0,121.47770415080407,134.47770415080407,2.0,Threshold converged
ADAPT-VQE,5,3,-19.999999891993504,-22.0,2.000000108006496,0.08205604553222656,0.08205604553222656,0.0,5,3,False,6.0,168.73166476851668,188.73166466051018,5.0,Aborted due to a cyclic selection of evolution operators
ADAPT-VQE,6,3,-8.999999991244067,-7.0,1.9999999912440671,0.1035299301147461,0.1035299301147461,0.0,4,2,False,5.0,248.0370243570634,257.03702434830745,4.0,Aborted due to a cyclic selection of evolution operators
ADAPT-VQE,7,3,-4.999998058980038,-24.0,19.00000194101996,0.1999208927154541,0.1999208927154541,0.0,5,2,False,6.0,166.01111021450842,171.01110827348845,5.0,Aborted due to a cyclic selection of evolution operators
ADAPT-VQE,8,3,-9.99999999993446,-10.0,6.554046194651164e-11,0.10752296447753906,0.10752296447753906,0.0,4,2,True,5.0,145.46540267302436,155.46540267295882,4.0,Threshold converged
ADAPT-VQE,9,3,-9.999999999999938,-10.0,6.217248937900877e-14,0.15303277969360352,0.15303277969360352,0.0,4,2,True,5.0,159.62687103849575,169.6268710384957,4.0,Threshold converged
ADAPT-VQE,10,3,-14.999999841435741,-15.0,1.585642586121594e-07,0.11814689636230469,0.11814689636230469,0.0,4,2,True,5.0,157.32838256783646,172.3283824092722,4.0,Aborted due to a cyclic selection of evolution operators
ADAPT-VQE,11,3,-11.999999998243656,-12.0,1.7563444032475672e-09,0.6945679187774658,0.6945679187774658,0.0,8,2,True,8.0,116.22307055381776,128.22307055206142,8.0,Maximum number of iterations reached
ADAPT-VQE,12,3,-13.999999987471007,-10.0,3.999999987471007,0.24021291732788086,0.24021291732788086,0.0,7,3,False,8.0,154.39187609781285,168.39187608528385,7.0,Aborted due to a cyclic selection of evolution operators
ADAPT-VQE,1,4,-9.999999999997954,-10.0,2.0463630789890885e-12,0.00912022590637207,0.00912022590637207,0.0,1,2,True,2.0,382.7770879963756,392.77708799637355,1.0,Aborted due to a cyclic selection of evolution operators
ADAPT-VQE,2,4,10.000000000019355,500.0,489.9999999999807,0.008625030517578125,0.008625030517578125,0.0,1,2,False,2.0,387.37406493769424,377.3740649376749,1.0,Aborted due to a cyclic selection of evolution operators
ADAPT-VQE,3,4,-9.999999999993008,-10.0,6.991740519879386e-12,0.02776479721069336,0.02776479721069336,0.0,2,2,True,3.0,110.85312864393784,120.85312864393084,2.0,Aborted due to a cyclic selection of evolution operators
ADAPT-VQE,4,4,-12.999999999999986,-13.0,1.4210854715202004e-14,0.028927087783813477,0.028927087783813477,0.0,2,2,True,3.0,121.47770415080407,134.47770415080407,2.0,Threshold converged
ADAPT-VQE,5,4,-19.999999891993504,-22.0,2.000000108006496,0.08261704444885254,0.08261704444885254,0.0,5,3,False,6.0,168.73166476851668,188.73166466051018,5.0,Aborted due to a cyclic selection of evolution operators
ADAPT-VQE,6,4,-8.999999991244067,-7.0,1.9999999912440671,0.10718536376953125,0.10718536376953125,0.0,4,2,False,5.0,248.0370243570634,257.03702434830745,4.0,Aborted due to a cyclic selection of evolution operators
ADAPT-VQE,7,4,-4.999998058980038,-24.0,19.00000194101996,0.18636608123779297,0.18636608123779297,0.0,5,2,False,6.0,166.01111021450842,171.01110827348845,5.0,Aborted due to a cyclic selection of evolution operators
ADAPT-VQE,8,4,-9.99999999993446,-10.0,6.554046194651164e-11,0.10733604431152344,0.10733604431152344,0.0,4,2,True,5.0,145.46540267302436,155.46540267295882,4.0,Threshold converged
ADAPT-VQE,9,4,-9.999999999999938,-10.0,6.217248937900877e-14,0.13156509399414062,0.13156509399414062,0.0,4,2,True,5.0,159.62687103849575,169.6268710384957,4.0,Threshold converged
ADAPT-VQE,10,4,-14.999999841435741,-15.0,1.585642586121594e-07,0.12354397773742676,0.12354397773742676,0.0,4,2,True,5.0,157.32838256783646,172.3283824092722,4.0,Aborted due to a cyclic selection of evolution operators
ADAPT-VQE,11,4,-11.999999998243656,-12.0,1.7563444032475672e-09,0.684412956237793,0.684412956237793,0.0,8,2,True,8.0,116.22307055381776,128.22307055206142,8.0,Maximum number of iterations reached
ADAPT-VQE,12,4,-13.999999987471007,-10.0,3.999999987471007,0.23157906532287598,0.23157906532287598,0.0,7,3,False,8.0,154.39187609781285,168.39187608528385,7.0,Aborted due to a cyclic selection of evolution operators
ADAPT-VQE,1,5,-9.999999999997954,-10.0,2.0463630789890885e-12,0.008934974670410156,0.008934974670410156,0.0,1,2,True,2.0,382.7770879963756,392.77708799637355,1.0,Aborted due to a cyclic selection of evolution operators
ADAPT-VQE,2,5,10.000000000019355,500.0,489.9999999999807,0.007403850555419922,0.007403850555419922,0.0,1,2,False,2.0,387.37406493769424,377.3740649376749,1.0,Aborted due to a cyclic selection of evolution operators
ADAPT-VQE,3,5,-9.999999999993008,-10.0,6.991740519879386e-12,0.02387404441833496,0.02387404441833496,0.0,2,2,True,3.0,110.85312864393784,120.85312864393084,2.0,Aborted due to a cyclic selection of evolution operators
ADAPT-VQE,4,5,-12.999999999999986,-13.0,1.4210854715202004e-14,0.028409957885742188,0.028409957885742188,0.0,2,2,True,3.0,121.47770415080407,134.47770415080407,2.0,Threshold converged
ADAPT-VQE,5,5,-19.999999891993504,-22.0,2.000000108006496,0.08381104469299316,0.08381104469299316,0.0,5,3,False,6.0,168.73166476851668,188.73166466051018,5.0,Aborted due to a cyclic selection of evolution operators
ADAPT-VQE,6,5,-8.999999991244067,-7.0,1.9999999912440671,0.10039806365966797,0.10039806365966797,0.0,4,2,False,5.0,248.0370243570634,257.03702434830745,4.0,Aborted due to a cyclic selection of evolution operators
ADAPT-VQE,7,5,-4.999998058980038,-24.0,19.00000194101996,0.18604016304016113,0.18604016304016113,0.0,5,2,False,6.0,166.01111021450842,171.01110827348845,5.0,Aborted due to a cyclic selection of evolution operators
ADAPT-VQE,8,5,-9.99999999993446,-10.0,6.554046194651164e-11,0.10495400428771973,0.10495400428771973,0.0,4,2,True,5.0,145.46540267302436,155.46540267295882,4.0,Threshold converged
ADAPT-VQE,9,5,-9.999999999999938,-10.0,6.217248937900877e-14,0.11722493171691895,0.11722493171691895,0.0,4,2,True,5.0,159.62687103849575,169.6268710384957,4.0,Threshold converged
ADAPT-VQE,10,5,-14.999999841435741,-15.0,1.585642586121594e-07,0.11555600166320801,0.11555600166320801,0.0,4,2,True,5.0,157.32838256783646,172.3283824092722,4.0,Aborted due to a cyclic selection of evolution operators
ADAPT-VQE,11,5,-11.999999998243656,-12.0,1.7563444032475672e-09,0.6843810081481934,0.6843810081481934,0.0,8,2,True,8.0,116.22307055381776,128.22307055206142,8.0,Maximum number of iterations reached
ADAPT-VQE,12,5,-13.999999987471007,-10.0,3.999999987471007,0.23150300979614258,0.23150300979614258,0.0,7,3,False,8.0,154.39187609781285,168.39187608528385,7.0,Aborted due to a cyclic selection of evolution operators
ADAPT-VQE,1,6,-9.999999999997954,-10.0,2.0463630789890885e-12,0.007974863052368164,0.007974863052368164,0.0,1,2,True,2.0,382.7770879963756,392.77708799637355,1.0,Aborted due to a cyclic selection of evolution operators
ADAPT-VQE,2,6,10.000000000019355,500.0,489.9999999999807,0.008911848068237305,0.008911848068237305,0.0,1,2,False,2.0,387.37406493769424,377.3740649376749,1.0,Aborted due to a cyclic selection of evolution operators
ADAPT-VQE,3,6,-9.999999999993008,-10.0,6.991740519879386e-12,0.026304006576538086,0.026304006576538086,0.0,2,2,True,3.0,110.85312864393784,120.85312864393084,2.0,Aborted due to a cyclic selection of evolution operators
ADAPT-VQE,4,6,-12.999999999999986,-13.0,1.4210854715202004e-14,0.02827596664428711,0.02827596664428711,0.0,2,2,True,3.0,121.47770415080407,134.47770415080407,2.0,Threshold converged
ADAPT-VQE,5,6,-19.999999891993504,-22.0,2.000000108006496,0.08377289772033691,0.08377289772033691,0.0,5,3,False,6.0,168.73166476851668,188.73166466051018,5.0,Aborted due to a cyclic selection of evolution operators
ADAPT-VQE,6,6,-8.999999991244067,-7.0,1.9999999912440671,0.09929013252258301,0.09929013252258301,0.0,4,2,False,5.0,248.0370243570634,257.03702434830745,4.0,Aborted due to a cyclic selection of evolution operators
ADAPT-VQE,7,6,-4.999998058980038,-24.0,19.00000194101996,0.18807506561279297,0.18807506561279297,0.0,5,2,False,6.0,166.01111021450842,171.01110827348845,5.0,Aborted due to a cyclic selection of evolution operators
ADAPT-VQE,8,6,-9.99999999993446,-10.0,6.554046194651164e-11,0.10078120231628418,0.10078120231628418,0.0,4,2,True,5.0,145.46540267302436,155.46540267295882,4.0,Threshold converged
ADAPT-VQE,9,6,-9.999999999999938,-10.0,6.217248937900877e-14,0.11458206176757812,0.11458206176757812,0.0,4,2,True,5.0,159.62687103849575,169.6268710384957,4.0,Threshold converged
ADAPT-VQE,10,6,-14.999999841435741,-15.0,1.585642586121594e-07,0.11034822463989258,0.11034822463989258,0.0,4,2,True,5.0,157.32838256783646,172.3283824092722,4.0,Aborted due to a cyclic selection of evolution operators
ADAPT-VQE,11,6,-11.999999998243656,-12.0,1.7563444032475672e-09,0.6583800315856934,0.6583800315856934,0.0,8,2,True,8.0,116.22307055381776,128.22307055206142,8.0,Maximum number of iterations reached
ADAPT-VQE,12,6,-13.999999987471007,-10.0,3.999999987471007,0.23533296585083008,0.23533296585083008,0.0,7,3,False,8.0,154.39187609781285,168.39187608528385,7.0,Aborted due to a cyclic selection of evolution operators
ADAPT-VQE,1,7,-9.999999999997954,-10.0,2.0463630789890885e-12,0.008990049362182617,0.008990049362182617,0.0,1,2,True,2.0,382.7770879963756,392.77708799637355,1.0,Aborted due to a cyclic selection of evolution operators
ADAPT-VQE,2,7,10.000000000019355,500.0,489.9999999999807,0.009613990783691406,0.009613990783691406,0.0,1,2,False,2.0,387.37406493769424,377.3740649376749,1.0,Aborted due to a cyclic selection of evolution operators
ADAPT-VQE,3,7,-9.999999999993008,-10.0,6.991740519879386e-12,0.027532100677490234,0.027532100677490234,0.0,2,2,True,3.0,110.85312864393784,120.85312864393084,2.0,Aborted due to a cyclic selection of evolution operators
ADAPT-VQE,4,7,-12.999999999999986,-13.0,1.4210854715202004e-14,0.0286557674407959,0.0286557674407959,0.0,2,2,True,3.0,121.47770415080407,134.47770415080407,2.0,Threshold converged
ADAPT-VQE,5,7,-19.999999891993504,-22.0,2.000000108006496,0.08023905754089355,0.08023905754089355,0.0,5,3,False,6.0,168.73166476851668,188.73166466051018,5.0,Aborted due to a cyclic selection of evolution operators
ADAPT-VQE,6,7,-8.999999991244067,-7.0,1.9999999912440671,0.09868216514587402,0.09868216514587402,0.0,4,2,False,5.0,248.0370243570634,257.03702434830745,4.0,Aborted due to a cyclic selection of evolution operators
ADAPT-VQE,7,7,-4.999998058980038,-24.0,19.00000194101996,0.18357586860656738,0.18357586860656738,0.0,5,2,False,6.0,166.01111021450842,171.01110827348845,5.0,Aborted due to a cyclic selection of evolution operators
ADAPT-VQE,8,7,-9.99999999993446,-10.0,6.554046194651164e-11,0.10604119300842285,0.10604119300842285,0.0,4,2,True,5.0,145.46540267302436,155.46540267295882,4.0,Threshold converged
ADAPT-VQE,9,7,-9.999999999999938,-10.0,6.217248937900877e-14,0.11756587028503418,0.11756587028503418,0.0,4,2,True,5.0,159.62687103849575,169.6268710384957,4.0,Threshold converged
ADAPT-VQE,10,7,-14.999999841435741,-15.0,1.585642586121594e-07,0.11588907241821289,0.11588907241821289,0.0,4,2,True,5.0,157.32838256783646,172.3283824092722,4.0,Aborted due to a cyclic selection of evolution operators
ADAPT-VQE,11,7,-11.999999998243656,-12.0,1.7563444032475672e-09,0.6864340305328369,0.6864340305328369,0.0,8,2,True,8.0,116.22307055381776,128.22307055206142,8.0,Maximum number of iterations reached
ADAPT-VQE,12,7,-13.999999987471007,-10.0,3.999999987471007,0.23566102981567383,0.23566102981567383,0.0,7,3,False,8.0,154.39187609781285,168.39187608528385,7.0,Aborted due to a cyclic selection of evolution operators
ADAPT-VQE,1,8,-9.999999999997954,-10.0,2.0463630789890885e-12,0.008157968521118164,0.008157968521118164,0.0,1,2,True,2.0,382.7770879963756,392.77708799637355,1.0,Aborted due to a cyclic selection of evolution operators
ADAPT-VQE,2,8,10.000000000019355,500.0,489.9999999999807,0.008484840393066406,0.008484840393066406,0.0,1,2,False,2.0,387.37406493769424,377.3740649376749,1.0,Aborted due to a cyclic selection of evolution operators
ADAPT-VQE,3,8,-9.999999999993008,-10.0,6.991740519879386e-12,0.040574073791503906,0.040574073791503906,0.0,2,2,True,3.0,110.85312864393784,120.85312864393084,2.0,Aborted due to a cyclic selection of evolution operators
ADAPT-VQE,4,8,-12.999999999999986,-13.0,1.4210854715202004e-14,0.031629085540771484,0.031629085540771484,0.0,2,2,True,3.0,121.47770415080407,134.47770415080407,2.0,Threshold converged
ADAPT-VQE,5,8,-19.999999891993504,-22.0,2.000000108006496,0.08209419250488281,0.08209419250488281,0.0,5,3,False,6.0,168.73166476851668,188.73166466051018,5.0,Aborted due to a cyclic selection of evolution operators
ADAPT-VQE,6,8,-8.999999991244067,-7.0,1.9999999912440671,0.10025691986083984,0.10025691986083984,0.0,4,2,False,5.0,248.0370243570634,257.03702434830745,4.0,Aborted due to a cyclic selection of evolution operators
ADAPT-VQE,7,8,-4.999998058980038,-24.0,19.00000194101996,0.20798587799072266,0.20798587799072266,0.0,5,2,False,6.0,166.01111021450842,171.01110827348845,5.0,Aborted due to a cyclic selection of evolution operators
ADAPT-VQE,8,8,-9.99999999993446,-10.0,6.554046194651164e-11,0.10944294929504395,0.10944294929504395,0.0,4,2,True,5.0,145.46540267302436,155.46540267295882,4.0,Threshold converged
ADAPT-VQE,9,8,-9.999999999999938,-10.0,6.217248937900877e-14,0.1301887035369873,0.1301887035369873,0.0,4,2,True,5.0,159.62687103849575,169.6268710384957,4.0,Threshold converged
ADAPT-VQE,10,8,-14.999999841435741,-15.0,1.585642586121594e-07,0.11981892585754395,0.11981892585754395,0.0,4,2,True,5.0,157.32838256783646,172.3283824092722,4.0,Aborted due to a cyclic selection of evolution operators
ADAPT-VQE,11,8,-11.999999998243656,-12.0,1.7563444032475672e-09,0.773564338684082,0.773564338684082,0.0,8,2,True,8.0,116.22307055381776,128.22307055206142,8.0,Maximum number of iterations reached
ADAPT-VQE,12,8,-13.999999987471007,-10.0,3.999999987471007,0.23100805282592773,0.23100805282592773,0.0,7,3,False,8.0,154.39187609781285,168.39187608528385,7.0,Aborted due to a cyclic selection of evolution operators
ADAPT-VQE,1,9,-9.999999999997954,-10.0,2.0463630789890885e-12,0.008694171905517578,0.008694171905517578,0.0,1,2,True,2.0,382.7770879963756,392.77708799637355,1.0,Aborted due to a cyclic selection of evolution operators
ADAPT-VQE,2,9,10.000000000019355,500.0,489.9999999999807,0.009341955184936523,0.009341955184936523,0.0,1,2,False,2.0,387.37406493769424,377.3740649376749,1.0,Aborted due to a cyclic selection of evolution operators
ADAPT-VQE,3,9,-9.999999999993008,-10.0,6.991740519879386e-12,0.02650594711303711,0.02650594711303711,0.0,2,2,True,3.0,110.85312864393784,120.85312864393084,2.0,Aborted due to a cyclic selection of evolution operators
ADAPT-VQE,4,9,-12.999999999999986,-13.0,1.4210854715202004e-14,0.02847909927368164,0.02847909927368164,0.0,2,2,True,3.0,121.47770415080407,134.47770415080407,2.0,Threshold converged
ADAPT-VQE,5,9,-19.999999891993504,-22.0,2.000000108006496,0.08377313613891602,0.08377313613891602,0.0,5,3,False,6.0,168.73166476851668,188.73166466051018,5.0,Aborted due to a cyclic selection of evolution operators
ADAPT-VQE,6,9,-8.999999991244067,-7.0,1.9999999912440671,0.10642600059509277,0.10642600059509277,0.0,4,2,False,5.0,248.0370243570634,257.03702434830745,4.0,Aborted due to a cyclic selection of evolution operators
ADAPT-VQE,7,9,-4.999998058980038,-24.0,19.00000194101996,0.19329404830932617,0.19329404830932617,0.0,5,2,False,6.0,166.01111021450842,171.01110827348845,5.0,Aborted due to a cyclic selection of evolution operators
ADAPT-VQE,8,9,-9.99999999993446,-10.0,6.554046194651164e-11,0.11016488075256348,0.11016488075256348,0.0,4,2,True,5.0,145.46540267302436,155.46540267295882,4.0,Threshold converged
ADAPT-VQE,9,9,-9.999999999999938,-10.0,6.217248937900877e-14,0.12333011627197266,0.12333011627197266,0.0,4,2,True,5.0,159.62687103849575,169.6268710384957,4.0,Threshold converged
ADAPT-VQE,10,9,-14.999999841435741,-15.0,1.585642586121594e-07,0.11542677879333496,0.11542677879333496,0.0,4,2,True,5.0,157.32838256783646,172.3283824092722,4.0,Aborted due to a cyclic selection of evolution operators
ADAPT-VQE,11,9,-11.999999998243656,-12.0,1.7563444032475672e-09,0.6442737579345703,0.6442737579345703,0.0,8,2,True,8.0,116.22307055381776,128.22307055206142,8.0,Maximum number of iterations reached
ADAPT-VQE,12,9,-13.999999987471007,-10.0,3.999999987471007,0.2112882137298584,0.2112882137298584,0.0,7,3,False,8.0,154.39187609781285,168.39187608528385,7.0,Aborted due to a cyclic selection of evolution operators
ADAPT-VQE,1,10,-9.999999999997954,-10.0,2.0463630789890885e-12,0.00814676284790039,0.00814676284790039,0.0,1,2,True,2.0,382.7770879963756,392.77708799637355,1.0,Aborted due to a cyclic selection of evolution operators
ADAPT-VQE,2,10,10.000000000019355,500.0,489.9999999999807,0.007576942443847656,0.007576942443847656,0.0,1,2,False,2.0,387.37406493769424,377.3740649376749,1.0,Aborted due to a cyclic selection of evolution operators
ADAPT-VQE,3,10,-9.999999999993008,-10.0,6.991740519879386e-12,0.024309158325195312,0.024309158325195312,0.0,2,2,True,3.0,110.85312864393784,120.85312864393084,2.0,Aborted due to a cyclic selection of evolution operators
ADAPT-VQE,4,10,-12.999999999999986,-13.0,1.4210854715202004e-14,0.026334047317504883,0.026334047317504883,0.0,2,2,True,3.0,121.47770415080407,134.47770415080407,2.0,Threshold converged
ADAPT-VQE,5,10,-19.999999891993504,-22.0,2.000000108006496,0.08042502403259277,0.08042502403259277,0.0,5,3,False,6.0,168.73166476851668,188.73166466051018,5.0,Aborted due to a cyclic selection of evolution operators
ADAPT-VQE,6,10,-8.999999991244067,-7.0,1.9999999912440671,0.09835100173950195,0.09835100173950195,0.0,4,2,False,5.0,248.0370243570634,257.03702434830745,4.0,Aborted due to a cyclic selection of evolution operators
ADAPT-VQE,7,10,-4.999998058980038,-24.0,19.00000194101996,0.18584823608398438,0.18584823608398438,0.0,5,2,False,6.0,166.01111021450842,171.01110827348845,5.0,Aborted due to a cyclic selection of evolution operators
ADAPT-VQE,8,10,-9.99999999993446,-10.0,6.554046194651164e-11,0.11271405220031738,0.11271405220031738,0.0,4,2,True,5.0,145.46540267302436,155.46540267295882,4.0,Threshold converged
ADAPT-VQE,9,10,-9.999999999999938,-10.0,6.217248937900877e-14,0.12112784385681152,0.12112784385681152,0.0,4,2,True,5.0,159.62687103849575,169.6268710384957,4.0,Threshold converged
ADAPT-VQE,10,10,-14.999999841435741,-15.0,1.585642586121594e-07,0.11799907684326172,0.11799907684326172,0.0,4,2,True,5.0,157.32838256783646,172.3283824092722,4.0,Aborted due to a cyclic selection of evolution operators
ADAPT-VQE,11,10,-11.999999998243656,-12.0,1.7563444032475672e-09,0.6598527431488037,0.6598527431488037,0.0,8,2,True,8.0,116.22307055381776,128.22307055206142,8.0,Maximum number of iterations reached
ADAPT-VQE,12,10,-13.999999987471007,-10.0,3.999999987471007,0.222991943359375,0.222991943359375,0.0,7,3,False,8.0,154.39187609781285,168.39187608528385,7.0,Aborted due to a cyclic selection of evolution operators
